{
  "best_val_accuracy": 0.2835481425322214,
  "final_train_loss": 1.1662963536285638,
  "final_val_loss": 1.0845673811806251
}